<?xml version="1.0" encoding="UTF-8"?>
<project-private xmlns="http://www.netbeans.org/ns/project-private/1">
    <editor-bookmarks xmlns="http://www.netbeans.org/ns/editor-bookmarks/2" lastBookmarkId="0"/>
    <open-files xmlns="http://www.netbeans.org/ns/projectui-open-files/2">
        <group>
            <file>file:/Users/hoangthang/NetBeansProjects/JavaApplication83/src/javaapplication83/SVPoly.java</file>
            <file>file:/Users/hoangthang/NetBeansProjects/JavaApplication83/src/javaapplication83/QuanLySinhVien.java</file>
            <file>file:/Users/hoangthang/NetBeansProjects/JavaApplication83/src/javaapplication83/JavaApplication83.java</file>
        </group>
    </open-files>
</project-private>
