<?xml version="1.0" encoding="UTF-8"?>
<project-private xmlns="http://www.netbeans.org/ns/project-private/1">
    <editor-bookmarks xmlns="http://www.netbeans.org/ns/editor-bookmarks/2" lastBookmarkId="0"/>
    <open-files xmlns="http://www.netbeans.org/ns/projectui-open-files/2">
        <group>
            <file>file:/Users/yenyen/Desktop/lab1/src/com/poly/bai4.java</file>
            <file>file:/Users/yenyen/Desktop/lab1/src/com/poly/bai3.java</file>
            <file>file:/Users/yenyen/Desktop/lab1/src/com/poly/debai.java</file>
            <file>file:/Users/yenyen/Desktop/lab1/src/com/poly/bai2.java</file>
            <file>file:/Users/yenyen/Desktop/lab1/src/com/poly/bai1.java</file>
            <file>file:/Users/yenyen/Desktop/lab1/src/com/poly/bai5.java</file>
        </group>
    </open-files>
</project-private>
